modelo,parametros,scaler,selector,r2,mae,rmse,dataset
SGDRegressor,"{""alpha"": ""0.0001"", ""max_iter"": ""1000"", ""modelo"": ""SGDRegressor"", ""penalty"": ""l1"", ""random_state"": ""42"", ""scaler"": ""minmax"", ""selector"": ""SelectKBest""}",minmax,SelectKBest,0.912956396058403,0.3993569307200023,0.5005383626638997,crop_yield.csv
SGDRegressor,"{""alpha"": ""0.01"", ""max_iter"": ""2000"", ""modelo"": ""SGDRegressor"", ""penalty"": ""l2"", ""random_state"": ""42"", ""scaler"": ""minmax"", ""selector"": ""SelectKBest""}",minmax,SelectKBest,0.9056280157193196,0.4159608193730149,0.5211832141173124,crop_yield.csv
SGDRegressor,"{""alpha"": ""0.01"", ""max_iter"": ""1000"", ""modelo"": ""SGDRegressor"", ""penalty"": ""l2"", ""random_state"": ""42"", ""scaler"": ""minmax"", ""selector"": ""SelectKBest""}",minmax,SelectKBest,0.9056280157193196,0.4159608193730149,0.5211832141173124,crop_yield.csv
SGDRegressor,"{""alpha"": ""0.0001"", ""max_iter"": ""2000"", ""modelo"": ""SGDRegressor"", ""penalty"": ""l2"", ""random_state"": ""42"", ""scaler"": ""minmax"", ""selector"": ""SelectKBest""}",minmax,SelectKBest,0.9129502517055808,0.3993759470023874,0.5005559872434968,crop_yield.csv
LGBMRegressor,"{""learning_rate"": ""0.1"", ""modelo"": ""LGBMRegressor"", ""num_leaves"": ""31"", ""n_estimators"": ""1600"", ""scaler"": ""minmax"", ""selector"": ""PCA""}",minmax,PCA,0.9120016694423072,0.4015278930752399,0.50327730735684,crop_yield.csv
LGBMRegressor,"{""learning_rate"": ""0.01"", ""modelo"": ""LGBMRegressor"", ""num_leaves"": ""31"", ""n_estimators"": ""1200"", ""scaler"": ""minmax"", ""selector"": ""PCA""}",minmax,PCA,0.912516688681118,0.4003444514058557,0.5018029007698487,crop_yield.csv
LGBMRegressor,"{""learning_rate"": ""0.05"", ""modelo"": ""LGBMRegressor"", ""num_leaves"": ""31"", ""n_estimators"": ""800"", ""scaler"": ""minmax"", ""selector"": ""PCA""}",minmax,PCA,0.9124787322908164,0.4004496052859962,0.501911446133671,crop_yield.csv
LGBMRegressor,"{""learning_rate"": ""0.05"", ""modelo"": ""LGBMRegressor"", ""num_leaves"": ""31"", ""n_estimators"": ""400"", ""scaler"": ""minmax"", ""selector"": ""PCA""}",minmax,PCA,0.9124803619234478,0.4004417964035303,0.5019070407787131,crop_yield.csv
LGBMRegressor,"{""learning_rate"": ""0.05"", ""modelo"": ""LGBMRegressor"", ""num_leaves"": ""31"", ""n_estimators"": ""200"", ""scaler"": ""minmax"", ""selector"": ""PCA""}",minmax,PCA,0.9124190013043426,0.4005759481750065,0.5020833725208748,crop_yield.csv
LGBMRegressor,"{""learning_rate"": ""0.01"", ""modelo"": ""LGBMRegressor"", ""num_leaves"": ""31"", ""n_estimators"": ""200"", ""scaler"": ""minmax"", ""selector"": ""PCA""}",minmax,PCA,0.8835897899046922,0.461706908316254,0.5788609566563857,crop_yield.csv
SGDRegressor,"{""alpha"": ""0.0001"", ""eta0"": ""0.01"", ""learning_rate"": ""adaptive"", ""loss"": ""squared_error"", ""modelo"": ""SGDRegressor"", ""penalty"": ""elasticnet"", ""scaler"": ""minmax"", ""selector"": ""PCA""}",minmax,PCA,0.3196515034604871,1.1854276605981044,1.3993811205735711,crop_yield.csv
SGDRegressor,"{""alpha"": ""0.0001"", ""eta0"": ""0.1"", ""learning_rate"": ""constant"", ""loss"": ""squared_error"", ""modelo"": ""SGDRegressor"", ""penalty"": ""elasticnet"", ""scaler"": ""minmax"", ""selector"": ""PCA""}",minmax,PCA,0.2763305986047802,1.2131022342681357,1.4429993353569786,crop_yield.csv
SGDRegressor,"{""alpha"": ""0.001"", ""eta0"": ""0.01"", ""learning_rate"": ""constant"", ""loss"": ""squared_error"", ""modelo"": ""SGDRegressor"", ""penalty"": ""l2"", ""scaler"": ""minmax"", ""selector"": ""PCA""}",minmax,PCA,0.3078726894495354,1.1930673775178309,1.411432534072408,crop_yield.csv
SGDRegressor,"{""alpha"": ""0.0001"", ""eta0"": ""0.01"", ""learning_rate"": ""constant"", ""loss"": ""squared_error"", ""modelo"": ""SGDRegressor"", ""penalty"": ""l2"", ""scaler"": ""minmax"", ""selector"": ""PCA""}",minmax,PCA,0.309027882947304,1.1922734393012495,1.4102572122207022,crop_yield.csv
LinearSVR,"{""C"": ""10.0"", ""dual"": ""False"", ""epsilon"": ""0.3"", ""loss"": ""squared_epsilon_insensitive"", ""max_iter"": ""1000"", ""modelo"": ""LinearSVR"", ""random_state"": ""42"", ""scaler"": ""standard"", ""selector"": ""RFE""}",standard,RFE,0.9130035546081208,0.3995532115875871,0.5007745661674867,crop_yield.csv
LinearSVR,"{""C"": ""1.0"", ""dual"": ""False"", ""epsilon"": ""0.3"", ""loss"": ""squared_epsilon_insensitive"", ""max_iter"": ""1000"", ""modelo"": ""LinearSVR"", ""random_state"": ""42"", ""scaler"": ""standard"", ""selector"": ""RFE""}",standard,RFE,0.9130035190346616,0.3995533241897471,0.5007746685511784,crop_yield.csv
LinearSVR,"{""C"": ""0.01"", ""dual"": ""False"", ""epsilon"": ""0.1"", ""loss"": ""squared_epsilon_insensitive"", ""max_iter"": ""1000"", ""modelo"": ""LinearSVR"", ""random_state"": ""42"", ""scaler"": ""standard"", ""selector"": ""RFE""}",standard,RFE,0.912997912681285,0.3995717533533632,0.5007908697542506,crop_yield.csv
Ridge,"{""alpha"": ""10.0"", ""fit_intercept"": ""True"", ""max_iter"": ""10000"", ""modelo"": ""Ridge"", ""scaler"": ""robust"", ""selector"": ""SelectFromModel"", ""solver"": ""auto"", ""tol"": ""0.0001""}",robust,SelectFromModel,0.9129751701033694,0.3993164619981475,0.5004844625750808,crop_yield.csv
Ridge,"{""alpha"": ""1.0"", ""fit_intercept"": ""True"", ""max_iter"": ""2000"", ""modelo"": ""Ridge"", ""scaler"": ""robust"", ""selector"": ""SelectFromModel"", ""solver"": ""auto"", ""tol"": ""0.0001""}",robust,SelectFromModel,0.9129751705973428,0.3993164640174224,0.5004844609661006,crop_yield.csv
Ridge,"{""alpha"": ""10.0"", ""fit_intercept"": ""True"", ""max_iter"": ""10000"", ""modelo"": ""Ridge"", ""scaler"": ""robust"", ""selector"": ""SelectFromModel"", ""solver"": ""auto"", ""tol"": ""0.001""}",robust,SelectFromModel,0.9129751701033694,0.3993164619981475,0.5004844625750808,crop_yield.csv
Ridge,"{""alpha"": ""1.0"", ""fit_intercept"": ""True"", ""max_iter"": ""10000"", ""modelo"": ""Ridge"", ""scaler"": ""robust"", ""selector"": ""SelectFromModel"", ""solver"": ""auto"", ""tol"": ""0.001""}",robust,SelectFromModel,0.9129751705973428,0.3993164640174224,0.5004844609661006,crop_yield.csv
Ridge,"{""alpha"": ""0.1"", ""fit_intercept"": ""True"", ""max_iter"": ""10000"", ""modelo"": ""Ridge"", ""scaler"": ""robust"", ""selector"": ""SelectFromModel"", ""solver"": ""auto"", ""tol"": ""0.001""}",robust,SelectFromModel,0.9129751705740216,0.399316464379374,0.5004844610143071,crop_yield.csv
Ridge,"{""alpha"": ""10.0"", ""fit_intercept"": ""True"", ""max_iter"": ""2000"", ""modelo"": ""Ridge"", ""scaler"": ""robust"", ""selector"": ""SelectFromModel"", ""solver"": ""auto"", ""tol"": ""0.001""}",robust,SelectFromModel,0.9129751701033694,0.3993164619981475,0.5004844625750808,crop_yield.csv
XGBRegressor,"{""learning_rate"": ""0.1"", ""max_depth"": ""10"", ""modelo"": ""XGBRegressor"", ""n_estimators"": ""400"", ""n_jobs"": ""-1"", ""objective"": ""reg:squarederror"", ""random_state"": ""42"", ""scaler"": ""standard"", ""selector"": ""SelectKBest"", ""tree_method"": ""hist""}",standard,SelectKBest,0.9110069557566745,0.4037850321258814,0.5061127120005672,crop_yield.csv
XGBRegressor,"{""learning_rate"": ""0.1"", ""max_depth"": ""7"", ""modelo"": ""XGBRegressor"", ""n_estimators"": ""400"", ""n_jobs"": ""-1"", ""objective"": ""reg:squarederror"", ""random_state"": ""42"", ""scaler"": ""standard"", ""selector"": ""SelectKBest"", ""tree_method"": ""hist""}",standard,SelectKBest,0.9124545148634128,0.4005237290263045,0.5019793947532838,crop_yield.csv
XGBRegressor,"{""learning_rate"": ""0.05"", ""max_depth"": ""7"", ""modelo"": ""XGBRegressor"", ""n_estimators"": ""400"", ""n_jobs"": ""-1"", ""objective"": ""reg:squarederror"", ""random_state"": ""42"", ""scaler"": ""standard"", ""selector"": ""SelectKBest"", ""tree_method"": ""hist""}",standard,SelectKBest,0.9126761130264078,0.4000195057981985,0.5013438454953619,crop_yield.csv
XGBRegressor,"{""learning_rate"": ""0.05"", ""max_depth"": ""7"", ""modelo"": ""XGBRegressor"", ""n_estimators"": ""200"", ""n_jobs"": ""-1"", ""objective"": ""reg:squarederror"", ""random_state"": ""42"", ""scaler"": ""standard"", ""selector"": ""SelectKBest"", ""tree_method"": ""hist""}",standard,SelectKBest,0.9127635446191992,0.3998157086524482,0.5010928168940666,crop_yield.csv
XGBRegressor,"{""learning_rate"": ""0.05"", ""max_depth"": ""5"", ""modelo"": ""XGBRegressor"", ""n_estimators"": ""200"", ""n_jobs"": ""-1"", ""objective"": ""reg:squarederror"", ""random_state"": ""42"", ""scaler"": ""standard"", ""selector"": ""SelectKBest"", ""tree_method"": ""hist""}",standard,SelectKBest,0.9128514614484824,0.3995937816802059,0.5008401830993827,crop_yield.csv
LGBMRegressor,"{""learning_rate"": ""0.01"", ""modelo"": ""LGBMRegressor"", ""num_leaves"": ""31"", ""n_estimators"": ""1600"", ""scaler"": ""minmax"", ""selector"": ""PCA""}",minmax,PCA,0.5914079791121878,0.8855171315318936,1.0844641864329685,crop_yield.csv
LGBMRegressor,"{""learning_rate"": ""0.01"", ""modelo"": ""LGBMRegressor"", ""num_leaves"": ""31"", ""n_estimators"": ""1200"", ""scaler"": ""minmax"", ""selector"": ""PCA""}",minmax,PCA,0.5914469822008194,0.8854747519147395,1.0844124880845278,crop_yield.csv
LGBMRegressor,"{""learning_rate"": ""0.01"", ""modelo"": ""LGBMRegressor"", ""num_leaves"": ""31"", ""n_estimators"": ""400"", ""scaler"": ""minmax"", ""selector"": ""PCA""}",minmax,PCA,0.5910382462866608,0.8859350882481305,1.084955480986124,crop_yield.csv
LGBMRegressor,"{""learning_rate"": ""0.1"", ""modelo"": ""LGBMRegressor"", ""num_leaves"": ""31"", ""n_estimators"": ""200"", ""scaler"": ""minmax"", ""selector"": ""PCA""}",minmax,PCA,0.5912220301159581,0.8857247090424325,1.084710851394537,crop_yield.csv
LGBMRegressor,"{""learning_rate"": ""0.01"", ""modelo"": ""LGBMRegressor"", ""num_leaves"": ""31"", ""n_estimators"": ""200"", ""scaler"": ""minmax"", ""selector"": ""PCA""}",minmax,PCA,0.5781456737568198,0.9001023228760101,1.1019282709811593,crop_yield.csv
GradientBoostingRegressor,"{""learning_rate"": ""0.03"", ""max_depth"": ""3"", ""min_samples_split"": ""5"", ""mode"": ""SMOKE"", ""modelo"": ""GradientBoostingRegressor"", ""n_estimators"": ""150"", ""random_state"": ""42"", ""scaler"": ""StandardScaler"", ""selector"": ""SelectFromModel(Lasso, thr=median)"", ""subsample"": ""0.7""}",StandardScaler,"SelectFromModel(Lasso, thr=median)",0.9116576373076576,0.4032493008658753,0.5057710684044915,crop_yield.csv
GradientBoostingRegressor,"{""learning_rate"": ""0.03"", ""max_depth"": ""3"", ""min_samples_split"": ""2"", ""mode"": ""SMOKE"", ""modelo"": ""GradientBoostingRegressor"", ""n_estimators"": ""150"", ""random_state"": ""42"", ""scaler"": ""StandardScaler"", ""selector"": ""SelectFromModel(Lasso, thr=median)"", ""subsample"": ""0.7""}",StandardScaler,"SelectFromModel(Lasso, thr=median)",0.9116576373076576,0.4032493008658753,0.5057710684044915,crop_yield.csv
GradientBoostingRegressor,"{""learning_rate"": ""0.03"", ""max_depth"": ""3"", ""min_samples_split"": ""5"", ""modelo"": ""GradientBoostingRegressor"", ""n_estimators"": ""150"", ""random_state"": ""42"", ""scaler"": ""StandardScaler"", ""selector"": ""SelectFromModel(Lasso, thr=median)"", ""subsample"": ""0.7""}",StandardScaler,"SelectFromModel(Lasso, thr=median)",0.9116576373076576,0.4032493008658753,0.5057710684044915,crop_yield.csv
SGDRegressor,"{""alpha"": ""0.001"", ""max_iter"": ""1000"", ""modelo"": ""SGDRegressor"", ""penalty"": ""elasticnet"", ""random_state"": ""42"", ""scaler"": ""minmax"", ""selector"": ""SelectKBest""}",minmax,SelectKBest,0.9128809051440966,0.3995304369547403,0.5007553540155315,crop_yield.csv
SGDRegressor,"{""alpha"": ""0.0001"", ""max_iter"": ""2000"", ""modelo"": ""SGDRegressor"", ""penalty"": ""elasticnet"", ""random_state"": ""42"", ""scaler"": ""minmax"", ""selector"": ""SelectKBest""}",minmax,SelectKBest,0.9129549034003543,0.3993604452683921,0.5005426534078768,crop_yield.csv
SGDRegressor,"{""alpha"": ""0.01"", ""max_iter"": ""2000"", ""modelo"": ""SGDRegressor"", ""penalty"": ""l1"", ""random_state"": ""42"", ""scaler"": ""minmax"", ""selector"": ""SelectKBest""}",minmax,SelectKBest,0.9118154257905692,0.401966435022518,0.5038082330313529,crop_yield.csv
SGDRegressor,"{""alpha"": ""0.001"", ""max_iter"": ""2000"", ""modelo"": ""SGDRegressor"", ""penalty"": ""l1"", ""random_state"": ""42"", ""scaler"": ""minmax"", ""selector"": ""SelectKBest""}",minmax,SelectKBest,0.91294419300625,0.3993870713276058,0.50057344038294,crop_yield.csv
SGDRegressor,"{""alpha"": ""0.001"", ""max_iter"": ""1000"", ""modelo"": ""SGDRegressor"", ""penalty"": ""l1"", ""random_state"": ""42"", ""scaler"": ""minmax"", ""selector"": ""SelectKBest""}",minmax,SelectKBest,0.91294419300625,0.3993870713276058,0.50057344038294,crop_yield.csv
SGDRegressor,"{""alpha"": ""0.0001"", ""max_iter"": ""1000"", ""modelo"": ""SGDRegressor"", ""penalty"": ""l2"", ""random_state"": ""42"", ""scaler"": ""minmax"", ""selector"": ""SelectKBest""}",minmax,SelectKBest,0.9129502517055808,0.3993759470023874,0.5005559872434968,crop_yield.csv
LGBMRegressor,"{""learning_rate"": ""0.05"", ""modelo"": ""LGBMRegressor"", ""num_leaves"": ""31"", ""n_estimators"": ""1600"", ""scaler"": ""minmax"", ""selector"": ""PCA""}",minmax,PCA,0.9123977999850784,0.4006324050380871,0.5021432511866581,crop_yield.csv
LGBMRegressor,"{""learning_rate"": ""0.1"", ""modelo"": ""LGBMRegressor"", ""num_leaves"": ""31"", ""n_estimators"": ""1200"", ""scaler"": ""minmax"", ""selector"": ""PCA""}",minmax,PCA,0.9121394107441496,0.401231983190685,0.5028832386364296,crop_yield.csv
LGBMRegressor,"{""learning_rate"": ""0.01"", ""modelo"": ""LGBMRegressor"", ""num_leaves"": ""31"", ""n_estimators"": ""800"", ""scaler"": ""minmax"", ""selector"": ""PCA""}",minmax,PCA,0.9123873347932367,0.400625517247953,0.5021742355517428,crop_yield.csv
LGBMRegressor,"{""learning_rate"": ""0.1"", ""modelo"": ""LGBMRegressor"", ""num_leaves"": ""31"", ""n_estimators"": ""400"", ""scaler"": ""minmax"", ""selector"": ""PCA""}",minmax,PCA,0.9123599246396704,0.4007131304107225,0.5022520853797614,crop_yield.csv
LGBMRegressor,"{""learning_rate"": ""0.1"", ""modelo"": ""LGBMRegressor"", ""num_leaves"": ""31"", ""n_estimators"": ""200"", ""scaler"": ""minmax"", ""selector"": ""PCA""}",minmax,PCA,0.912355648983338,0.4007130687480371,0.5022646597857018,crop_yield.csv
SGDRegressor,"{""alpha"": ""0.01"", ""eta0"": ""0.1"", ""learning_rate"": ""adaptive"", ""loss"": ""squared_error"", ""modelo"": ""SGDRegressor"", ""penalty"": ""l2"", ""scaler"": ""minmax"", ""selector"": ""PCA""}",minmax,PCA,0.3191805079258726,1.185737947871243,1.3998656374495455,crop_yield.csv
SGDRegressor,"{""alpha"": ""0.01"", ""eta0"": ""0.01"", ""learning_rate"": ""adaptive"", ""loss"": ""squared_error"", ""modelo"": ""SGDRegressor"", ""penalty"": ""l2"", ""scaler"": ""minmax"", ""selector"": ""PCA""}",minmax,PCA,0.319179467396358,1.1857384145729752,1.3998667071871966,crop_yield.csv
SGDRegressor,"{""alpha"": ""0.0001"", ""eta0"": ""0.1"", ""learning_rate"": ""constant"", ""loss"": ""squared_error"", ""modelo"": ""SGDRegressor"", ""penalty"": ""l2"", ""scaler"": ""minmax"", ""selector"": ""PCA""}",minmax,PCA,0.180744254428881,1.2743147970186075,1.534936010203821,crop_yield.csv
LinearSVR,"{""C"": ""100.0"", ""dual"": ""False"", ""epsilon"": ""0.1"", ""loss"": ""squared_epsilon_insensitive"", ""max_iter"": ""1000"", ""modelo"": ""LinearSVR"", ""random_state"": ""42"", ""scaler"": ""standard"", ""selector"": ""RFE""}",standard,RFE,0.913002529707972,0.3995598881172501,0.5007775794429717,crop_yield.csv
LinearSVR,"{""C"": ""1.0"", ""dual"": ""False"", ""epsilon"": ""0.2"", ""loss"": ""squared_epsilon_insensitive"", ""max_iter"": ""1000"", ""modelo"": ""LinearSVR"", ""random_state"": ""42"", ""scaler"": ""standard"", ""selector"": ""RFE""}",standard,RFE,0.9130025378541587,0.399557159165939,0.5007775363220055,crop_yield.csv
LinearSVR,"{""C"": ""0.1"", ""dual"": ""False"", ""epsilon"": ""0.2"", ""loss"": ""squared_epsilon_insensitive"", ""max_iter"": ""1000"", ""modelo"": ""LinearSVR"", ""random_state"": ""42"", ""scaler"": ""standard"", ""selector"": ""RFE""}",standard,RFE,0.913002181653806,0.3995579536664601,0.5007785612412604,crop_yield.csv
LinearSVR,"{""C"": ""0.01"", ""dual"": ""False"", ""epsilon"": ""0.1"", ""loss"": ""squared_epsilon_insensitive"", ""max_iter"": ""1000"", ""modelo"": ""LinearSVR"", ""random_state"": ""42"", ""scaler"": ""standard"", ""selector"": ""RFE""}",standard,RFE,0.9129751421255548,0.3993160983747318,0.5004845368994235,crop_yield.csv
Ridge,"{""alpha"": ""1.0"", ""fit_intercept"": ""True"", ""max_iter"": ""2000"", ""modelo"": ""Ridge"", ""scaler"": ""robust"", ""selector"": ""SelectFromModel"", ""solver"": ""sag"", ""tol"": ""0.001""}",robust,SelectFromModel,0.9129743033498644,0.3993184954090246,0.5004856749921218,crop_yield.csv
Ridge,"{""alpha"": ""0.1"", ""fit_intercept"": ""True"", ""max_iter"": ""2000"", ""modelo"": ""Ridge"", ""scaler"": ""robust"", ""selector"": ""SelectFromModel"", ""solver"": ""sag"", ""tol"": ""0.001""}",robust,SelectFromModel,0.912974576768967,0.3993192481138849,0.500486017354614,crop_yield.csv
Ridge,"{""alpha"": ""0.1"", ""fit_intercept"": ""True"", ""max_iter"": ""2000"", ""modelo"": ""Ridge"", ""scaler"": ""robust"", ""selector"": ""SelectFromModel"", ""solver"": ""auto"", ""tol"": ""0.0001""}",robust,SelectFromModel,0.9129751705740216,0.399316464379374,0.5004844610143071,crop_yield.csv
Ridge,"{""alpha"": ""1.0"", ""fit_intercept"": ""True"", ""max_iter"": ""2000"", ""modelo"": ""Ridge"", ""scaler"": ""robust"", ""selector"": ""SelectFromModel"", ""solver"": ""auto"", ""tol"": ""0.001""}",robust,SelectFromModel,0.9129751705973428,0.3993164640174224,0.5004844609661006,crop_yield.csv
Ridge,"{""alpha"": ""0.1"", ""fit_intercept"": ""True"", ""max_iter"": ""2000"", ""modelo"": ""Ridge"", ""scaler"": ""robust"", ""selector"": ""SelectFromModel"", ""solver"": ""auto"", ""tol"": ""0.001""}",robust,SelectFromModel,0.9129751705740216,0.399316464379374,0.5004844610143071,crop_yield.csv
XGBRegressor,"{""learning_rate"": ""0.1"", ""max_depth"": ""5"", ""modelo"": ""XGBRegressor"", ""n_estimators"": ""600"", ""n_jobs"": ""-1"", ""objective"": ""reg:squarederror"", ""random_state"": ""42"", ""scaler"": ""standard"", ""selector"": ""SelectKBest"", ""tree_method"": ""hist""}",standard,SelectKBest,0.9126782728379474,0.3999865138420654,0.5013376103659647,crop_yield.csv
XGBRegressor,"{""learning_rate"": ""0.1"", ""max_depth"": ""5"", ""modelo"": ""XGBRegressor"", ""n_estimators"": ""400"", ""n_jobs"": ""-1"", ""objective"": ""reg:squarederror"", ""random_state"": ""42"", ""scaler"": ""standard"", ""selector"": ""SelectKBest"", ""tree_method"": ""hist""}",standard,SelectKBest,0.9127365418096984,0.3998479248505239,0.5011703171378216,crop_yield.csv
XGBRegressor,"{""learning_rate"": ""0.1"", ""max_depth"": ""10"", ""modelo"": ""XGBRegressor"", ""n_estimators"": ""200"", ""n_jobs"": ""-1"", ""objective"": ""reg:squarederror"", ""random_state"": ""42"", ""scaler"": ""standard"", ""selector"": ""SelectKBest"", ""tree_method"": ""hist""}",standard,SelectKBest,0.9118170061206932,0.401943585794278,0.503804101414274,crop_yield.csv
XGBRegressor,"{""learning_rate"": ""0.05"", ""max_depth"": ""10"", ""modelo"": ""XGBRegressor"", ""n_estimators"": ""200"", ""n_jobs"": ""-1"", ""objective"": ""reg:squarederror"", ""random_state"": ""42"", ""scaler"": ""standard"", ""selector"": ""SelectKBest"", ""tree_method"": ""hist""}",standard,SelectKBest,0.9122577759163216,0.4009494011119699,0.50254336082624,crop_yield.csv
XGBRegressor,"{""learning_rate"": ""0.1"", ""max_depth"": ""5"", ""modelo"": ""XGBRegressor"", ""n_estimators"": ""200"", ""n_jobs"": ""-1"", ""objective"": ""reg:squarederror"", ""random_state"": ""42"", ""scaler"": ""standard"", ""selector"": ""SelectKBest"", ""tree_method"": ""hist""}",standard,SelectKBest,0.9127895831526128,0.3997249927937716,0.5010179831234698,crop_yield.csv
LGBMRegressor,"{""learning_rate"": ""0.1"", ""modelo"": ""LGBMRegressor"", ""num_leaves"": ""31"", ""n_estimators"": ""1600"", ""scaler"": ""minmax"", ""selector"": ""PCA""}",minmax,PCA,0.5891033632293425,0.8880673605958173,1.0875179485353472,crop_yield.csv
LGBMRegressor,"{""learning_rate"": ""0.05"", ""modelo"": ""LGBMRegressor"", ""num_leaves"": ""31"", ""n_estimators"": ""1200"", ""scaler"": ""minmax"", ""selector"": ""PCA""}",minmax,PCA,0.5908126729306457,0.8861233485346969,1.0852535828951768,crop_yield.csv
LGBMRegressor,"{""learning_rate"": ""0.1"", ""modelo"": ""LGBMRegressor"", ""num_leaves"": ""31"", ""n_estimators"": ""800"", ""scaler"": ""minmax"", ""selector"": ""PCA""}",minmax,PCA,0.5903362396745977,0.8867039263833298,1.0858852338828973,crop_yield.csv
LGBMRegressor,"{""learning_rate"": ""0.1"", ""modelo"": ""LGBMRegressor"", ""num_leaves"": ""31"", ""n_estimators"": ""400"", ""scaler"": ""minmax"", ""selector"": ""PCA""}",minmax,PCA,0.5909240454762399,0.886038665040763,1.0851059913589631,crop_yield.csv
GradientBoostingRegressor,"{""learning_rate"": ""0.03"", ""max_depth"": ""3"", ""min_samples_split"": ""2"", ""modelo"": ""GradientBoostingRegressor"", ""n_estimators"": ""150"", ""random_state"": ""42"", ""scaler"": ""StandardScaler"", ""selector"": ""SelectFromModel(Lasso, thr=median)"", ""subsample"": ""1.0""}",StandardScaler,"SelectFromModel(Lasso, thr=median)",0.9112459287655412,0.4042189764702568,0.5069502018741042,crop_yield.csv
GradientBoostingRegressor,"{""learning_rate"": ""0.03"", ""max_depth"": ""3"", ""min_samples_split"": ""2"", ""modelo"": ""GradientBoostingRegressor"", ""n_estimators"": ""150"", ""random_state"": ""42"", ""scaler"": ""StandardScaler"", ""selector"": ""SelectFromModel(Lasso, thr=median)"", ""subsample"": ""0.7""}",StandardScaler,"SelectFromModel(Lasso, thr=median)",0.9116576373076576,0.4032493008658753,0.5057710684044915,crop_yield.csv
SGDRegressor,"{""alpha"": ""0.01"", ""max_iter"": ""1000"", ""modelo"": ""SGDRegressor"", ""penalty"": ""l1"", ""random_state"": ""42"", ""scaler"": ""minmax"", ""selector"": ""SelectKBest""}",minmax,SelectKBest,0.9118154257905692,0.401966435022518,0.5038082330313529,crop_yield.csv
SGDRegressor,"{""alpha"": ""0.0001"", ""max_iter"": ""2000"", ""modelo"": ""SGDRegressor"", ""penalty"": ""l1"", ""random_state"": ""42"", ""scaler"": ""minmax"", ""selector"": ""SelectKBest""}",minmax,SelectKBest,0.912956396058403,0.3993569307200023,0.5005383626638997,crop_yield.csv
SGDRegressor,"{""alpha"": ""0.001"", ""max_iter"": ""2000"", ""modelo"": ""SGDRegressor"", ""penalty"": ""l2"", ""random_state"": ""42"", ""scaler"": ""minmax"", ""selector"": ""SelectKBest""}",minmax,SelectKBest,0.9128574298313572,0.3995875347112424,0.5008227700150225,crop_yield.csv
SGDRegressor,"{""alpha"": ""0.001"", ""max_iter"": ""1000"", ""modelo"": ""SGDRegressor"", ""penalty"": ""l2"", ""random_state"": ""42"", ""scaler"": ""minmax"", ""selector"": ""SelectKBest""}",minmax,SelectKBest,0.9128574298313572,0.3995875347112424,0.5008227700150225,crop_yield.csv
LGBMRegressor,"{""learning_rate"": ""0.05"", ""modelo"": ""LGBMRegressor"", ""num_leaves"": ""31"", ""n_estimators"": ""1200"", ""scaler"": ""minmax"", ""selector"": ""PCA""}",minmax,PCA,0.912442062154408,0.4005324392024803,0.5020164819147556,crop_yield.csv
SGDRegressor,"{""alpha"": ""0.001"", ""eta0"": ""0.1"", ""learning_rate"": ""adaptive"", ""loss"": ""squared_error"", ""modelo"": ""SGDRegressor"", ""penalty"": ""l2"", ""scaler"": ""minmax"", ""selector"": ""PCA""}",minmax,PCA,0.3196459859689747,1.185431765778424,1.3993868168418742,crop_yield.csv
SGDRegressor,"{""alpha"": ""0.001"", ""eta0"": ""0.01"", ""learning_rate"": ""adaptive"", ""loss"": ""squared_error"", ""modelo"": ""SGDRegressor"", ""penalty"": ""l2"", ""scaler"": ""minmax"", ""selector"": ""PCA""}",minmax,PCA,0.3196454461075465,1.1854324383816437,1.399387371436991,crop_yield.csv
SGDRegressor,"{""alpha"": ""0.0001"", ""eta0"": ""0.1"", ""learning_rate"": ""adaptive"", ""loss"": ""squared_error"", ""modelo"": ""SGDRegressor"", ""penalty"": ""l2"", ""scaler"": ""minmax"", ""selector"": ""PCA""}",minmax,PCA,0.3196509208796049,1.1854280898370182,1.3993817206115708,crop_yield.csv
LinearSVR,"{""C"": ""100.0"", ""dual"": ""False"", ""epsilon"": ""0.3"", ""loss"": ""squared_epsilon_insensitive"", ""max_iter"": ""1000"", ""modelo"": ""LinearSVR"", ""random_state"": ""42"", ""scaler"": ""standard"", ""selector"": ""RFE""}",standard,RFE,0.9130035564477528,0.3995532076262322,0.5007745609138711,crop_yield.csv
LinearSVR,"{""C"": ""0.01"", ""dual"": ""False"", ""epsilon"": ""0.3"", ""loss"": ""squared_epsilon_insensitive"", ""max_iter"": ""1000"", ""modelo"": ""LinearSVR"", ""random_state"": ""42"", ""scaler"": ""standard"", ""selector"": ""RFE""}",standard,RFE,0.9129940602006864,0.3995776549145686,0.500801952024669,crop_yield.csv
Ridge,"{""alpha"": ""10.0"", ""fit_intercept"": ""True"", ""max_iter"": ""2000"", ""modelo"": ""Ridge"", ""scaler"": ""robust"", ""selector"": ""SelectFromModel"", ""solver"": ""sag"", ""tol"": ""0.001""}",robust,SelectFromModel,0.9129749244313456,0.3993175857368928,0.5004848906961638,crop_yield.csv
Ridge,"{""alpha"": ""0.1"", ""fit_intercept"": ""True"", ""max_iter"": ""10000"", ""modelo"": ""Ridge"", ""scaler"": ""robust"", ""selector"": ""SelectFromModel"", ""solver"": ""auto"", ""tol"": ""0.0001""}",robust,SelectFromModel,0.9129751705740216,0.399316464379374,0.5004844610143071,crop_yield.csv
XGBRegressor,"{""learning_rate"": ""0.05"", ""max_depth"": ""7"", ""modelo"": ""XGBRegressor"", ""n_estimators"": ""600"", ""n_jobs"": ""-1"", ""objective"": ""reg:squarederror"", ""random_state"": ""42"", ""scaler"": ""standard"", ""selector"": ""SelectKBest"", ""tree_method"": ""hist""}",standard,SelectKBest,0.912578677740193,0.4002324265968571,0.5016234116554343,crop_yield.csv
XGBRegressor,"{""learning_rate"": ""0.05"", ""max_depth"": ""10"", ""modelo"": ""XGBRegressor"", ""n_estimators"": ""400"", ""n_jobs"": ""-1"", ""objective"": ""reg:squarederror"", ""random_state"": ""42"", ""scaler"": ""standard"", ""selector"": ""SelectKBest"", ""tree_method"": ""hist""}",standard,SelectKBest,0.9118968614057325,0.4017628697917281,0.5035758117510322,crop_yield.csv
LGBMRegressor,"{""learning_rate"": ""0.1"", ""modelo"": ""LGBMRegressor"", ""num_leaves"": ""31"", ""n_estimators"": ""1200"", ""scaler"": ""minmax"", ""selector"": ""PCA""}",minmax,PCA,0.589707745021765,0.8873962040344372,1.0867178247317422,crop_yield.csv
SGDRegressor,"{""alpha"": ""0.0001"", ""max_iter"": ""1000"", ""modelo"": ""SGDRegressor"", ""penalty"": ""elasticnet"", ""random_state"": ""42"", ""scaler"": ""minmax"", ""selector"": ""SelectKBest""}",minmax,SelectKBest,0.9129549034003543,0.3993604452683921,0.5005426534078768,crop_yield.csv
LGBMRegressor,"{""learning_rate"": ""0.01"", ""modelo"": ""LGBMRegressor"", ""num_leaves"": ""31"", ""n_estimators"": ""1600"", ""scaler"": ""minmax"", ""selector"": ""PCA""}",minmax,PCA,0.9125330591632864,0.4003073747327753,0.5017558606849188,crop_yield.csv
LGBMRegressor,"{""learning_rate"": ""0.1"", ""modelo"": ""LGBMRegressor"", ""num_leaves"": ""31"", ""n_estimators"": ""800"", ""scaler"": ""minmax"", ""selector"": ""PCA""}",minmax,PCA,0.9122688414191747,0.4009299057703945,0.5025128231699858,crop_yield.csv
LGBMRegressor,"{""learning_rate"": ""0.01"", ""modelo"": ""LGBMRegressor"", ""num_leaves"": ""31"", ""n_estimators"": ""400"", ""scaler"": ""minmax"", ""selector"": ""PCA""}",minmax,PCA,0.910053708504932,0.4057448166443754,0.5088199448783132,crop_yield.csv
SGDRegressor,"{""alpha"": ""0.0001"", ""eta0"": ""0.01"", ""learning_rate"": ""constant"", ""loss"": ""squared_error"", ""modelo"": ""SGDRegressor"", ""penalty"": ""elasticnet"", ""scaler"": ""minmax"", ""selector"": ""PCA""}",minmax,PCA,0.3125551065538121,1.1899290444395247,1.4066551682494874,crop_yield.csv
SGDRegressor,"{""alpha"": ""0.01"", ""eta0"": ""0.1"", ""learning_rate"": ""constant"", ""loss"": ""squared_error"", ""modelo"": ""SGDRegressor"", ""penalty"": ""l2"", ""scaler"": ""minmax"", ""selector"": ""PCA""}",minmax,PCA,0.1645265145074285,1.2846658055206912,1.549234118732281,crop_yield.csv
SGDRegressor,"{""alpha"": ""0.01"", ""eta0"": ""0.01"", ""learning_rate"": ""constant"", ""loss"": ""squared_error"", ""modelo"": ""SGDRegressor"", ""penalty"": ""l2"", ""scaler"": ""minmax"", ""selector"": ""PCA""}",minmax,PCA,0.3078531337033779,1.1930331445176638,1.4114540347403897,crop_yield.csv
SGDRegressor,"{""alpha"": ""0.001"", ""eta0"": ""0.1"", ""learning_rate"": ""constant"", ""loss"": ""squared_error"", ""modelo"": ""SGDRegressor"", ""penalty"": ""l2"", ""scaler"": ""minmax"", ""selector"": ""PCA""}",minmax,PCA,0.2060624602823746,1.257880948547641,1.5109984401976873,crop_yield.csv
SGDRegressor,"{""alpha"": ""0.0001"", ""eta0"": ""0.01"", ""learning_rate"": ""adaptive"", ""loss"": ""squared_error"", ""modelo"": ""SGDRegressor"", ""penalty"": ""l2"", ""scaler"": ""minmax"", ""selector"": ""PCA""}",minmax,PCA,0.3196503747081193,1.185428682101321,1.399382283456878,crop_yield.csv
LinearSVR,"{""C"": ""100.0"", ""dual"": ""False"", ""epsilon"": ""0.2"", ""loss"": ""squared_epsilon_insensitive"", ""max_iter"": ""1000"", ""modelo"": ""LinearSVR"", ""random_state"": ""42"", ""scaler"": ""standard"", ""selector"": ""RFE""}",standard,RFE,0.91300255331563,0.3995569592770379,0.5007774927028704,crop_yield.csv
LinearSVR,"{""C"": ""10.0"", ""dual"": ""False"", ""epsilon"": ""0.2"", ""loss"": ""squared_epsilon_insensitive"", ""max_iter"": ""1000"", ""modelo"": ""LinearSVR"", ""random_state"": ""42"", ""scaler"": ""standard"", ""selector"": ""RFE""}",standard,RFE,0.9130025504261764,0.3995569680835434,0.5007775010103048,crop_yield.csv
LinearSVR,"{""C"": ""10.0"", ""dual"": ""False"", ""epsilon"": ""0.1"", ""loss"": ""squared_epsilon_insensitive"", ""max_iter"": ""1000"", ""modelo"": ""LinearSVR"", ""random_state"": ""42"", ""scaler"": ""standard"", ""selector"": ""RFE""}",standard,RFE,0.913002527057596,0.399559895056203,0.5007775870738079,crop_yield.csv
LinearSVR,"{""C"": ""1.0"", ""dual"": ""False"", ""epsilon"": ""0.1"", ""loss"": ""squared_epsilon_insensitive"", ""max_iter"": ""1000"", ""modelo"": ""LinearSVR"", ""random_state"": ""42"", ""scaler"": ""standard"", ""selector"": ""RFE""}",standard,RFE,0.913002502461616,0.3995599665420691,0.5007776577882612,crop_yield.csv
LinearSVR,"{""C"": ""0.1"", ""dual"": ""False"", ""epsilon"": ""0.3"", ""loss"": ""squared_epsilon_insensitive"", ""max_iter"": ""1000"", ""modelo"": ""LinearSVR"", ""random_state"": ""42"", ""scaler"": ""standard"", ""selector"": ""RFE""}",standard,RFE,0.9130022263543645,0.399556731462352,0.5007784304220958,crop_yield.csv
LinearSVR,"{""C"": ""0.1"", ""dual"": ""False"", ""epsilon"": ""0.1"", ""loss"": ""squared_epsilon_insensitive"", ""max_iter"": ""1000"", ""modelo"": ""LinearSVR"", ""random_state"": ""42"", ""scaler"": ""standard"", ""selector"": ""RFE""}",standard,RFE,0.9130022358215708,0.3995607102356248,0.500778424803865,crop_yield.csv
LinearSVR,"{""C"": ""0.01"", ""dual"": ""False"", ""epsilon"": ""0.2"", ""loss"": ""squared_epsilon_insensitive"", ""max_iter"": ""1000"", ""modelo"": ""LinearSVR"", ""random_state"": ""42"", ""scaler"": ""standard"", ""selector"": ""RFE""}",standard,RFE,0.9129964196938032,0.3995726584106592,0.5007951477735153,crop_yield.csv
Ridge,"{""alpha"": ""1.0"", ""fit_intercept"": ""True"", ""max_iter"": ""10000"", ""modelo"": ""Ridge"", ""scaler"": ""robust"", ""selector"": ""SelectFromModel"", ""solver"": ""auto"", ""tol"": ""0.0001""}",robust,SelectFromModel,0.9129751705973428,0.3993164640174224,0.5004844609661006,crop_yield.csv
Ridge,"{""alpha"": ""10.0"", ""fit_intercept"": ""True"", ""max_iter"": ""2000"", ""modelo"": ""Ridge"", ""scaler"": ""robust"", ""selector"": ""SelectFromModel"", ""solver"": ""auto"", ""tol"": ""0.0001""}",robust,SelectFromModel,0.9129751701033694,0.3993164619981475,0.5004844625750808,crop_yield.csv
XGBRegressor,"{""learning_rate"": ""0.05"", ""max_depth"": ""5"", ""modelo"": ""XGBRegressor"", ""n_estimators"": ""600"", ""n_jobs"": ""-1"", ""objective"": ""reg:squarederror"", ""random_state"": ""42"", ""scaler"": ""standard"", ""selector"": ""SelectKBest"", ""tree_method"": ""hist""}",standard,SelectKBest,0.912796914402822,0.3997314944526299,0.5009969021979621,crop_yield.csv
XGBRegressor,"{""learning_rate"": ""0.05"", ""max_depth"": ""5"", ""modelo"": ""XGBRegressor"", ""n_estimators"": ""400"", ""n_jobs"": ""-1"", ""objective"": ""reg:squarederror"", ""random_state"": ""42"", ""scaler"": ""standard"", ""selector"": ""SelectKBest"", ""tree_method"": ""hist""}",standard,SelectKBest,0.9128261054539032,0.3996618010333467,0.5009130417431955,crop_yield.csv
XGBRegressor,"{""learning_rate"": ""0.1"", ""max_depth"": ""7"", ""modelo"": ""XGBRegressor"", ""n_estimators"": ""200"", ""n_jobs"": ""-1"", ""objective"": ""reg:squarederror"", ""random_state"": ""42"", ""scaler"": ""standard"", ""selector"": ""SelectKBest"", ""tree_method"": ""hist""}",standard,SelectKBest,0.9126541061878976,0.4000766084449653,0.5014069659753846,crop_yield.csv
LGBMRegressor,"{""learning_rate"": ""0.05"", ""modelo"": ""LGBMRegressor"", ""num_leaves"": ""31"", ""n_estimators"": ""1600"", ""scaler"": ""minmax"", ""selector"": ""PCA""}",minmax,PCA,0.5905396249109993,0.8864292731006687,1.0856156081706692,crop_yield.csv
LGBMRegressor,"{""learning_rate"": ""0.05"", ""modelo"": ""LGBMRegressor"", ""num_leaves"": ""31"", ""n_estimators"": ""800"", ""scaler"": ""minmax"", ""selector"": ""PCA""}",minmax,PCA,0.5910826836923564,0.8858393270258953,1.08489555492309,crop_yield.csv
LGBMRegressor,"{""learning_rate"": ""0.01"", ""modelo"": ""LGBMRegressor"", ""num_leaves"": ""31"", ""n_estimators"": ""800"", ""scaler"": ""minmax"", ""selector"": ""PCA""}",minmax,PCA,0.5914776086274928,0.8854364969098942,1.0843718444492254,crop_yield.csv
LGBMRegressor,"{""learning_rate"": ""0.05"", ""modelo"": ""LGBMRegressor"", ""num_leaves"": ""31"", ""n_estimators"": ""400"", ""scaler"": ""minmax"", ""selector"": ""PCA""}",minmax,PCA,0.5913377376083158,0.8855672049609696,1.0845573319100046,crop_yield.csv
LGBMRegressor,"{""learning_rate"": ""0.05"", ""modelo"": ""LGBMRegressor"", ""num_leaves"": ""31"", ""n_estimators"": ""200"", ""scaler"": ""minmax"", ""selector"": ""PCA""}",minmax,PCA,0.5914349296423458,0.8854686965122962,1.0844284348487916,crop_yield.csv
GradientBoostingRegressor,"{""learning_rate"": ""0.03"", ""max_depth"": ""3"", ""min_samples_split"": ""2"", ""mode"": ""SMOKE"", ""modelo"": ""GradientBoostingRegressor"", ""n_estimators"": ""150"", ""random_state"": ""42"", ""scaler"": ""StandardScaler"", ""selector"": ""SelectFromModel(Lasso, thr=median)"", ""subsample"": ""1.0""}",StandardScaler,"SelectFromModel(Lasso, thr=median)",0.9112459287655412,0.4042189764702568,0.5069502018741042,crop_yield.csv
